{
  "places": [
    "𝑝1",
    "𝑝2",
    "𝑝3"
  ],
  "transitions": [
    "𝐴",
    "𝐵",
    "𝐶",
    "𝐷"
  ],
  "arcs": {
    "𝑝1,𝐴": 1,
    "𝐴,𝑝2": 1,
    "𝑝2,𝐵": 1,
    "𝐵,𝑝3": 1,
    "𝑝3,𝐶": 1,
    "𝐶,𝑝1": 1,
    "𝑝3,𝐷": 1,
    "𝐷,𝑝1": 3
  },
  "actions": [],
  "marking": {
    "𝑝1": 1
  },
  "labels": {},
  "layout": {
    "𝑝1": {
      "x": 598.7371295350407,
      "y": 119.37771790993848
    },
    "𝑝2": {
      "x": 943.1835870757427,
      "y": 169.47641882698878
    },
    "𝑝3": {
      "x": 698.790082548857,
      "y": 470.1873200287271
    },
    "𝐴": {
      "x": 676.2975398774032,
      "y": 76.98234645397429
    },
    "𝐵": {
      "x": 838.6418640426278,
      "y": 279.8869583623531
    },
    "𝐶": {
      "x": 444.8555413869808,
      "y": 250.27916748753566
    },
    "𝐷": {
      "x": 686.2753831230527,
      "y": 278.86770977532467
    }
  }
}