{
  "places": [
    "p1",
    "p2",
    "p3",
    "p4",
    "p5",
    "p6",
    "p7"
  ],
  "transitions": [
    "t4",
    "t5",
    "t6",
    "t7",
    "t1",
    "t2",
    "t3"
  ],
  "arcs": {
    "p5,t5": 1,
    "p4,t7": 1,
    "t7,p7": 1,
    "t5,p2": 1,
    "p7,t6": 1,
    "t6,p4": 1,
    "p1,t1": 1,
    "t1,p2": 1,
    "p2,t2": 1,
    "t2,p3": 1,
    "p3,t3": 1,
    "p3,t4": 1,
    "t4,p4": 1,
    "t6,p6": 1,
    "t3,p5": 1
  },
  "actions": [],
  "marking": {
    "p1": 1
  },
  "labels": {},
  "layout": {
    "p1": {
      "x": -1.4177970886230469,
      "y": -34.57857131958008
    },
    "p2": {
      "x": 81.47762298583984,
      "y": 171.09262084960938
    },
    "p3": {
      "x": 126.02757263183594,
      "y": 339.5707702636719
    },
    "p4": {
      "x": 511.4835205078125,
      "y": 255.9340362548828
    },
    "p5": {
      "x": 350.97552490234375,
      "y": 125.18470001220703
    },
    "p6": {
      "x": 993.467529296875,
      "y": 231.6910858154297
    },
    "p7": {
      "x": 737.8021240234375,
      "y": 378.9010925292969
    },
    "t4": {
      "x": 365.73883056640625,
      "y": 334.622802734375
    },
    "t5": {
      "x": 234.24815368652344,
      "y": 117.06035614013672
    },
    "t6": {
      "x": 824.5664672851562,
      "y": 259.7618713378906
    },
    "t7": {
      "x": 609.7313537597656,
      "y": 339.3467712402344
    },
    "t1": {
      "x": 86.65452575683594,
      "y": 81.329345703125
    },
    "t2": {
      "x": 10.067606925964355,
      "y": 274.20916748046875
    },
    "t3": {
      "x": 326.5218505859375,
      "y": 235.8636932373047
    }
  }
}