{
    "places": ["p1", "p2", "p3"],
    "transitions": ["t1", "t2", "t3"],
    "arcs": {
        "p1,t1": 1,
        "t1,p2": 1,
        "p2,t2": 1,
        "t2,p1": 1,
        "t2,p3": 1,
        "p3,t3": 1
    },
    "actions": [],
    "marking": {
        "p1": 1
    },
    "labels": {},
    "layout": {
        "p1": {
            "x": -72.5172050142908,
            "y": 432.2086425703546
        },
        "p2": {
            "x": -79.24103345339694,
            "y": 238.30343464761947
        },
        "p3": {
            "x": 202.59332864839678,
            "y": 329.9398746533925
        },
        "t1": {
            "x": -195.89745834394975,
            "y": 339.41163765229635
        },
        "t2": {
            "x": 45.95081384080356,
            "y": 331.0120240305454
        },
        "t3": {
            "x": 359.70880838421715,
            "y": 327.43868024024357
        }
    }
}
