{
  "places": [
    "p1",
    "p2",
    "p3",
    "p4"
  ],
  "transitions": [
    "t1",
    "t2",
    "t3"
  ],
  "arcs": {
    "p1,t1": 1,
    "t1,p2": 1,
    "p2,t2": 1,
    "t2,p1": 1,
    "t2,p3": 2,
    "p3,t3": 4,
    "t3,p4": 1
  },
  "actions": [],
  "marking": {
    "p1": 1
  },
  "labels": {},
  "layout": {
    "p1": {
      "x": 732.8701949423042,
      "y": 205.61180074623692
    },
    "p2": {
      "x": 758.4173546221101,
      "y": 327.95066775667436
    },
    "p3": {
      "x": 1052.4848199141345,
      "y": 249.08394216245858
    },
    "p4": {
      "x": 1371.2873033361489,
      "y": 367.42175048715484
    },
    "t1": {
      "x": 607.8192305889926,
      "y": 297.68653360524144
    },
    "t2": {
      "x": 888.306519997741,
      "y": 240.52736733660896
    },
    "t3": {
      "x": 1213.293477262997,
      "y": 290.62940878502843
    }
  }
}