{
    "places": ["p1", "p2", "p3", "p4"],
    "transitions": ["t1", "t2", "t3"],
    "arcs": {
        "p1,t1": 1,
        "t1,p2": 1,
        "t1,p3": 1,
        "t3,p4": 1,
        "p2,t2": 1,
        "t2,p4": 2,
        "p3,t3": 1
    },
    "actions": ["A", "B", "C"],
    "labels": {
        "t1": "A",
        "t2": "B",
        "t3": "C"
    },
    "marking": {
        "p1": 1
    },
    "layout": {
        "p1": {
            "x": 101.9,
            "y": 100.0
        },
        "p2": {
            "x": 549.5000000000001,
            "y": 150.0
        },
        "p3": {
            "x": 549.5000000000001,
            "y": 50.0
        },
        "p4": {
            "x": 997.1,
            "y": 100.0
        },
        "t1": {
            "x": 325.70000000000005,
            "y": 100.0
        },
        "t2": {
            "x": 773.3000000000001,
            "y": 150.0
        },
        "t3": {
            "x": 773.3000000000001,
            "y": 50.0
        }
    }
}
