{
    "places": ["p1", "p2", "p3", "p4", "p5"],
    "transitions": ["t2", "t3", "t1", "t4"],
    "arcs": {
        "t3,p1": 1,
        "p5,t3": 1,
        "p1,t1": 1,
        "t2,p5": 1,
        "t2,p4": 1,
        "p4,t4": 1,
        "t4,p2": 1,
        "p2,t1": 1,
        "t1,p3": 1,
        "p3,t2": 1
    },
    "actions": ["A", "B", "C", "D"],
    "labels": {
        "t2": "B",
        "t3": "C",
        "t1": "A",
        "t4": "D"
    },
    "marking": {
        "p1": 1,
        "p2": 1
    },
    "layout": {
        "p1": {
            "x": 378,
            "y": 134
        },
        "p2": {
            "x": 598,
            "y": 166
        },
        "p3": {
            "x": 859,
            "y": 236
        },
        "p4": {
            "x": 623,
            "y": 354
        },
        "p5": {
            "x": 380,
            "y": 419
        },
        "t2": {
            "x": 752.3000000000001,
            "y": 329.5
        },
        "t3": {
            "x": 301.30000000000007,
            "y": 260.5
        },
        "t1": {
            "x": 747,
            "y": 148
        },
        "t4": {
            "x": 511,
            "y": 256
        },
        "p1,t1": [
            {
                "x": 544.5,
                "y": 50
            }
        ],
        "t2,p5": [
            {
                "x": 588,
                "y": 456.5
            }
        ]
    }
}
