{
    "places": ["p1", "p2", "p3", "p4"],
    "transitions": ["t1", "t2", "t3"],
    "arcs": {
        "p1,t1": 1,
        "t1,p2": 1,
        "p2,t2": 1,
        "t2,p1": 1,
        "t1,p3": 1,
        "p3,t2": 1,
        "p3,t3": 3,
        "t3,p4": 1
    },
    "actions": ["A", "B", "C"],
    "labels": {
        "t1": "A",
        "t2": "B",
        "t3": "C"
    },
    "marking": {
        "p1": 1,
        "p2": 2,
        "p3": 3,
        "p4": 4
    },
    "layout": {
        "p1": {
            "x": 327.93927858759616,
            "y": 353.0178154703298
        },
        "p2": {
            "x": 672.2001975592044,
            "y": 304.52955349990754
        },
        "p3": {
            "x": 669.9586545268012,
            "y": 405.77569283408786
        },
        "p4": {
            "x": 675.3800846109683,
            "y": 642.7349851211613
        },
        "t1": {
            "x": 503.5407629600237,
            "y": 358.7000237119453
        },
        "t2": {
            "x": 672.0642925460484,
            "y": 165.08844135217137
        },
        "t3": {
            "x": 671.011925115285,
            "y": 551.9165015487829
        },
        "p3,t2": [
            {
                "x": 844.5,
                "y": 288
            }
        ]
    }
}
