{
    "places": ["p1", "p2", "p3", "g1", "g2", "g3"],
    "transitions": ["t1", "t2", "t3", "t4", "t5", "t6"],
    "arcs": {
        "g1,t5": 1,
        "g1,t1": 1,
        "g3,t5": 1,
        "g3,t3": 1,
        "g2,t3": 1,
        "g2,t1": 1,
        "t1,p1": 1,
        "p1,t2": 1,
        "t5,p3": 1,
        "p3,t6": 1,
        "t3,p2": 1,
        "p2,t4": 1,
        "t4,g3": 1,
        "t6,g3": 1,
        "t6,g1": 1,
        "t2,g1": 1,
        "t4,g2": 1,
        "t2,g2": 1
    },
    "actions": ["A", "B", "C", "D", "E", "F"],
    "labels": {
        "t1": "A",
        "t2": "B",
        "t3": "C",
        "t4": "D",
        "t5": "E",
        "t6": "F"
    },
    "layout": {
        "p1": {
            "x": 618,
            "y": 195
        },
        "p2": {
            "x": 833,
            "y": 516
        },
        "p3": {
            "x": 390,
            "y": 538
        },
        "g1": {
            "x": 492,
            "y": 344
        },
        "g2": {
            "x": 733,
            "y": 349
        },
        "g3": {
            "x": 613,
            "y": 524
        },
        "t1": {
            "x": 616.0397608536437,
            "y": 320.5043641260552
        },
        "t2": {
            "x": 619.696529532808,
            "y": 78.26060906543603
        },
        "t3": {
            "x": 708.3589055194761,
            "y": 449.9980403468957
        },
        "t4": {
            "x": 972,
            "y": 572
        },
        "t5": {
            "x": 486,
            "y": 447
        },
        "t6": {
            "x": 292,
            "y": 626
        },
        "t4,g3": [
            {
                "x": 776.5,
                "y": 679
            }
        ],
        "t6,g3": [
            {
                "x": 478,
                "y": 665.5
            }
        ],
        "t6,g1": [
            {
                "x": 285,
                "y": 419
            }
        ],
        "t2,g1": [
            {
                "x": 465.5,
                "y": 220.5
            }
        ],
        "t4,g2": [
            {
                "x": 935,
                "y": 415.5
            }
        ],
        "t2,g2": [
            {
                "x": 774,
                "y": 177.5
            }
        ]
    }
}
