{
    "places": ["p1", "p2", "p3", "p4"],
    "transitions": ["t1", "t2", "t3"],
    "arcs": {
        "p1,t1": 1,
        "t1,p2": 2,
        "p2,t2": 2,
        "t2,p3": 1,
        "t2,p4": 1,
        "p3,t3": 1,
        "p4,t3": 1,
        "t3,p1": 1
    },
    "actions": ["A", "B", "C", "D"],
    "labels": {
        "t1": "A",
        "t2": "B",
        "t3": "C"
    },
    "marking": {
        "p1": 1,
        "p2": 1,
        "p3": 1,
        "p4": 1
    },
    "layout": {
        "p1": {
            "x": 199.88541664433427,
            "y": 455.2705013970387
        },
        "p2": {
            "x": 569.4276606067452,
            "y": 467.04960867465286
        },
        "p3": {
            "x": 912.5211712130251,
            "y": 422.76069556797404
        },
        "p4": {
            "x": 908.6533422439584,
            "y": 518.9071268552121
        },
        "t1": {
            "x": 401.0397608536436,
            "y": 466.5043641260552
        },
        "t2": {
            "x": 756.696529532808,
            "y": 462.26060906543603
        },
        "t3": {
            "x": 519.3589055194761,
            "y": 243.99804034689572
        },
        "p3,t3": [
            {
                "x": 765,
                "y": 293
            }
        ],
        "p4,t3": [
            {
                "x": 1020.5,
                "y": 428
            },
            {
                "x": 834.5,
                "y": 196
            }
        ]
    }
}
