{
    "places": ["p1", "p2", "p3"],
    "transitions": ["t1", "t2"],
    "arcs": {
        "p1,t1": 1,
        "t1,p1": 1,
        "t2,p2": 1,
        "p3,t2": 3,
        "t1,p2": 1
    },
    "actions": ["A", "B"],
    "labels": {
        "t1": "A",
        "t2": "B"
    },
    "marking": {
        "p1": 1,
        "p2": 2,
        "p3": 3
    },
    "layout": {
        "p1": {
            "x": 177.9503257272466,
            "y": 112.63349063893827
        },
        "p2": {
            "x": 556.3090074103475,
            "y": 109.15735763969957
        },
        "p3": {
            "x": 896.5607806682403,
            "y": 113.26908933572003
        },
        "t1": {
            "x": 373.83028133590005,
            "y": 113.62351162040096
        },
        "t2": {
            "x": 720.3496048582668,
            "y": 112.81655076524083
        },
        "p1,t1": [
            {
                "x": 258,
                "y": 155.5
            }
        ],
        "t1,p1": [
            {
                "x": 257,
                "y": 50.0
            }
        ]
    }
}
