{
    "places": ["p1", "p2", "p3", "p4", "p5"],
    "transitions": ["t1", "t2", "t3", "t4"],
    "arcs": {
        "t1,p1": 1,
        "p2,t1": 1,
        "t4,p2": 1,
        "p1,t4": 1,
        "t4,p3": 1,
        "p3,t2": 1,
        "t2,p4": 1,
        "p4,t3": 1,
        "t3,p5": 1,
        "p5,t4": 1
    },
    "actions": ["A", "B", "C", "D"],
    "labels": {
        "t1": "A",
        "t2": "B",
        "t3": "C",
        "t4": "D"
    },
    "marking": {
        "p2": 1,
        "p3": 1
    },
    "layout": {
        "p1": {
            "x": 257.87901103420893,
            "y": 90.97949434344008
        },
        "p2": {
            "x": 264.23326957389577,
            "y": 276.66381801918334
        },
        "p3": {
            "x": 548.6419309528802,
            "y": 50.28844657747595
        },
        "p4": {
            "x": 831.4931136349718,
            "y": 158.08798878651135
        },
        "p5": {
            "x": 560.0449863692937,
            "y": 293.7576244434298
        },
        "t1": {
            "x": 120.09151753196042,
            "y": 188.54136094783115
        },
        "t2": {
            "x": 726.5483807750202,
            "y": 50.0
        },
        "t3": {
            "x": 730.9428883070105,
            "y": 285.9573856121204
        },
        "t4": {
            "x": 415.30478801492575,
            "y": 178.4073452357067
        }
    }
}
